id,markup,comment,filename
2,Spam, 123,0997141c0003659b150039ed1f3436716a6458.html
1,Spam, 123,0812d3c900039ed2900039ed1f744f4a783435.html
2,Spam, 123,0997141c0003659b150039ed1f3436716a6458.html
3,Spam, 123,1013a144000807a6d80039ed1f70774f426648.html
8,Spam, ,3474849200064ba5520039ed1f6833364e344f.html
0,Cool, werewrewrewrewr,06fabcb500088cc7050039ed1f4275314e624b.html
2,Spam,234,0997141c0003659b150039ed1f3436716a6458.html
4,Spam, ertrtryteutyuytuytrutyuetutyru,112a652e00083c0f010039ed1f733963376858.html
1,Spam, 123,027c7ec5000886344b0039ed1f576137696133.html
3,Spam, comment,03e2659c000711bc7a0039ed1f4c666c56324c.html
3,So-so, comment,03e2659c000711bc7a0039ed1f4c666c56324c.html
3,So-so, comment,03e2659c000711bc7a0039ed1f4c666c56324c.html
