id,markup,filename
0,Great,026312d30002b8e3920039ed1f6d675a446a33.html
1,Spam,1e5cb58100077402420039ed1f63435a51664b.html
2,Spam,258b577f0001ada2230039ed1f735252754956.html
3,Spam,466e2ca100060fb49c0039ed1f776753304134.html
4,Spam,4f2ffa2a0008a4e6aa0039ed1f485771425055.html
5,Spam,50f0e9ab0007e62fcb0039ed1f434a69536868.html
6,Spam,51fddec40001ab725a0039ed1f315949326356.html
7,Spam,5cdb05f80003f6b5e60039ed1f3142625a4d75.html
8,Great,6539f4550002e8e3930039ed1f315a4b714435.html
9,Spam,7030a4c500028ca7bc0039ed1f6d4c47383831.html
0,Spam,026312d30002b8e3920039ed1f6d675a446a33.html
1,Great,1e5cb58100077402420039ed1f63435a51664b.html
2,Spam,258b577f0001ada2230039ed1f735252754956.html
3,Great,466e2ca100060fb49c0039ed1f776753304134.html
4,Spam,4f2ffa2a0008a4e6aa0039ed1f485771425055.html
5,Great,50f0e9ab0007e62fcb0039ed1f434a69536868.html
0,Great,026312d30002b8e3920039ed1f6d675a446a33.html
